"vaccine_deficit","pyears","n","event"
"0",920703.610888415,3551114,1770
"1",185259.197919233,716347,482
"2",163493.437374401,599499,168
"3",239280.254639288,874314,156
"4",16749.8836468172,61308,52
